,Unnamed: 0,frequency
0,language ,35
1,entity recognition ,23
2,augmentation ,20
3,bert ,18
4,pre-trained language ,18
5,text classification ,17
6,dataset ,16
7,generation ,13
8,neural machine translation ,12
9,benchmark ,12
10,dialogue ,12
11,question ,12
12,survey ,11
13,contrastive learning ,11
14,relation extraction ,10
15,text ,10
16,robustness ,10
17,knowledge ,9
18,task-oriented dialogue ,9
19,natural language ,9
20,evaluation ,9
21,word ,8
22,case study ,8
23,model ,8
24,empirical study ,8
25,transformer ,6
26,context ,6
27,detection ,6
28,machine translation ,6
29,task ,6
30,attention ,6
31,nlp ,6
32,speech ,6
33,entity ,6
34,abstractive summarization ,6
35,few-shot learning ,6
36,comprehension ,6
37,framework ,6
38,nmt ,6
39,analysis ,5
40,pre-training ,5
41,text generation ,5
42,semantic parsing ,5
43,weak supervision ,5
44,impact ,5
45,language model ,5
46,algorithms ,5
47,information ,5
48,knowledge graph ,5
49,simple ,5
50,learning ,5
51,compositional generalization ,5
52,question answering ,5
53,natural language processing ,4
54,fairness ,4
55,graph ,4
56,self-attention ,4
57,effectiveness ,4
58,study ,4
59,sentence ,4
60,vision ,4
61,pre-trained language model ,4
62,time ,4
63,large language ,4
64,sentiment analysis ,4
65,document ,4
66,case ,4
67,machine ,4
68,job ,4
69,document-level event extraction ,4
70,knowledge graph completion ,4
71,event detection ,4
72,toponym resolution ,4
73,causal ,4
74,geocoding ,4
75,multi-turn dialogue ,3
76,inference ,3
77,investigation ,3
78,network ,3
79,use ,3
80,understanding ,3
81,generalization ,3
82,empirical comparison ,3
83,gender bias ,3
84,learner ,3
85,bias ,3
86,eider ,3
87,joint learning ,3
88,multi-label text classification ,3
89,new dataset ,3
90,divide ,3
91,summarization ,3
92,natural language inference ,3
93,robust code-mixed translation ,3
94,healthcare ,3
95,low resource ,3
96,offensive text detection ,3
97,performance ,3
98,knowledge distillation ,3
99,knowledge graphs ,3
100,utterance ,3
101,open domain question ,3
102,math word ,3
103,evidence-enhanced document-level relation extraction ,3
104,tokenization ,3
105,sequence generation ,3
106,open-domain question ,3
107,defense ,3
108,meta-learning ,3
109,zero-shot entity ,3
110,label ,3
111,paraphrase ,3
112,abusive language detection ,3
113,external knowledge ,3
114,alignment ,3
115,cross-lingual transfer ,3
116,grammatical error correction ,3
117,speech translation ,3
118,variation ,3
119,uncertainty ,3
120,training ,3
121,coreference resolution ,3
122,qa ,3
123,pretrained language ,3
124,coherence ,2
125,tailor ,2
126,s legal framework ,2
127,headed-span-based projective dependency ,2
128,classification ,2
129,multiparallel word alignment ,2
130,classification cum ,2
131,task-independent benchmark ,2
132,e-commerce ,2
133,pre-trained model ,2
134,clip ,2
135,co-ref resolution approach ,2
136,neural approach ,2
137,table-based fact verification ,2
138,timeline ,2
139,text summarization ,2
140,target ,2
141,predictive text ,2
142,future wisdom ,2
143,natural language understanding ,2
144,task-oriented dialog ,2
145,natural language generation ,2
146,prediction sensitivity ,2
147,te reo māori ,2
148,textual entailment ,2
149,chinese ner ,2
150,clarification ,2
151,textual adversarial example detection ,2
152,mutual information ,2
153,taxonomy ,2
154,knowledge base question ,2
155,chinese spell ,2
156,code ,2
157,subword ,2
158,commonsense inference ,2
159,identifying ,2
160,human ,2
161,sensitivity ,2
162,gradmask ,2
163,semi-supervised text classification ,2
164,persona ,2
165,speaker ,2
166,novel simple ,2
167,image ,2
168,space regularization ,2
169,spoken language ,2
170,semantic role labeling ,2
171,conversion ,2
172,conversational recommendation ,2
173,conversation ,2
174,controllable text summarization ,2
175,controllable paraphrase generation ,2
176,cross-domain ,2
177,source code summarization ,2
178,gender ,2
179,ctrlsum ,2
180,hansel ,2
181,deep learning approach ,2
182,graphs ,2
183,paraphrase generation ,2
184,curriculum ,2
185,current state ,2
186,hierarchical recurrent ,2
187,sequence ,2
188,patient ,2
189,slot ,2
190,passage ,2
191,dense retrieval ,2
192,hindi ,2
193,softmax ,2
194,past mistake ,2
195,sos ,2
196,importance ,2
197,disambiguation ,2
198,stochastic multi-expert patcher ,2
199,neural text generation ,2
200,general language ability evaluation ,2
201,diversity ,2
202,concept activation ,2
203,intent classification ,2
204,docee ,2
205,neural-symbolic argument mining ,2
206,neural topic ,2
207,interpretability ,2
208,improving ,2
209,comparison ,2
210,comparative study ,2
211,systematic offensive stereotyping bias ,2
212,document-level relation extraction ,2
213,document-to-document neural machine translation ,2
214,domain ,2
215,domain adaptation ,2
216,new task ,2
217,generalizability ,2
218,generating ,2
219,chinese ,2
220,noise-robust dialogue state tracking ,2
221,story ,2
222,placing ,2
223,expression ,2
224,discourse structure ,2
225,incorporating knowledge ,2
226,structure ,2
227,continual few-shot relation ,2
228,nlp task ,2
229,structured sentiment analysis ,2
230,point ,2
231,sub-word ,2
232,context-aware multi-encoder translation ,2
233,next sentence prediction ,2
234,content ,2
235,chinese bert ,2
236,contrastive conditioning ,2
237,knowledgeable prompt-tuning ,2
238,level ,2
239,multi-document summarization ,2
240,relevance ,2
241,end-to-end speech translation ,2
242,check ,2
243,unsupervised sentence ,2
244,unsupervised sentence simplification ,2
245,unsupervised text style transfer ,2
246,relation classification ,2
247,reinforcement learning ,2
248,assist ,2
249,low resource domain adaptation ,2
250,aspect ,2
251,valse ,2
252,low-frequency ,2
253,low-resource ,2
254,unsupervised keyphrase extraction ,2
255,logic tensor ,2
256,reliability ,2
257,representation ,2
258,embedding ,2
259,emotion analysis ,2
260,rescue ,2
261,unified framework ,2
262,program synthesis ,2
263,emotion recognition ,2
264,emotion-cause pair extraction ,2
265,unsupervised domain adaptation ,2
266,few-shot nlg ,2
267,prompt ,2
268,prompt verbalizer ,2
269,multi-hop reasoning problem ,2
270,empirical survey ,2
271,few-shot ,2
272,arbitrary text style transfer ,2
273,faithfulness ,2
274,application ,2
275,active learning ,2
276,fact-checking ,2
277,adversarial attack ,2
278,extreme multi-label text classification ,2
279,method ,2
280,metaphorical knowledge ,2
281,extractive question ,2
282,explainable causal ,2
283,event extraction ,2
284,zero-shot cross-lingual transfer ,2
285,meta-learning approach ,2
286,accurate online ,2
287,accuracy ,2
288,meta learning ,2
289,random ,2
290,word sense disambiguation ,2
291,mitigation ,2
292,verification ,2
293,american sign language ,2
294,answering ,2
295,faithful ,2
296,annotation ,2
297,equation ,2
298,machine reading comprehension ,2
299,recipe ,2
300,error-driven contrastive probability optimization ,2
301,factual consistency ,2
302,rebuild ,2
303,eu ,2
304,alephbert ,2
305,ai doctor ,2
306,mixture ,2
307,aggregative generation ,2
308,response generation ,2
309,long tail ,2
310,multi-task learning ,2
311,twitter ,2
312,privacy ,2
313,principled lexically-constrained decoding ,2
314,risk impact ,2
315,large-scale language ,2
316,multilingual machine translation ,2
317,robust ,2
318,black box ,2
319,large-scale dataset ,2
320,multilingual pre-training ,2
321,translation ,2
322,bot ,2
323,fine-tuning ,2
324,language understanding ,2
325,pretraining ,2
326,transfer learning ,2
327,transfer ,2
328,effective pre-training ,2
329,role ,2
330,fix ,2
331,rule ,2
332,effect ,2
333,topic ,2
334,top-down influence ,2
335,ceo personality ,2
336,change ,2
337,character ,2
338,focus ,2
339,s ,2
340,multimodal sentiment analysis ,2
341,fine-grained entity ,2
342,e-care ,2
343,probing ,2
344,legal approach ,2
345,eliteplm ,2
346,fill-in-the-blank ,2
347,pattern disentanglement insight ,1
348,peersum ,1
349,pretrain-and-finetune paradigm ,1
350,positional representation ,1
351,peer review dataset ,1
352,peer review ,1
353,procedural environment generation ,1
354,pretrained contrastive learning ,1
355,preservation ,1
356,precision-driven sentence ,1
357,qubite ,1
358,query ,1
359,past ,1
360,query-specific siamese similarity ,1
361,position-aware weighted decoding ,1
362,power ,1
363,prerequisite relation discovery ,1
364,quantum-inspired representation ,1
365,precise thingtalk+ representation ,1
366,personality ,1
367,persona-based dialogue generation ,1
368,program transfer ,1
369,quantitative analysis ,1
370,person ,1
371,ppt ,1
372,pretrained language model generation ,1
373,position-aware attention mechanism ,1
374,power norm ,1
375,pretrained transformer-based language ,1
376,persian natural language inference ,1
377,quaser ,1
378,qubit ,1
379,passage retrieval ,1
380,prompt-based zero-shot learner ,1
381,predicate-argument ,1
382,processing ,1
383,pairwise sentence classification ,1
384,quoter ,1
385,palbert ,1
386,parameter ,1
387,procedural text ,1
388,parameter aggregation strategy ,1
389,parameter scaling ,1
390,parameter-efficient abstractive question ,1
391,parameter-efficient language model ,1
392,parameter-efficient token-dependent embedding shift ,1
393,parameterization ,1
394,quote recommendation ,1
395,paraphrase evaluation ,1
396,quirk ,1
397,processing advantage ,1
398,personality prediction ,1
399,paraphrase identification ,1
400,question-schema interaction graph encoder ,1
401,program ,1
402,preference-based meeting exploration ,1
403,pare ,1
404,procedural reasoning ,1
405,parse ,1
406,parser error ,1
407,question-led semantic structure ,1
408,question matching ,1
409,prediction ,1
410,part-of-speech ,1
411,question generation ,1
412,preme ,1
413,quantifying ,1
414,personality recognition ,1
415,political bias ,1
416,primum non ,1
417,probabilistic framework ,1
418,pool ,1
419,prototypical verbalizer ,1
420,pm ,1
421,pluggable sequence ,1
422,plug-tagger ,1
423,pruning transformer ,1
424,pseudo-label selection ,1
425,probability ,1
426,plug-and-play task-oriented dialogue system ,1
427,pseudo label ,1
428,plug-and-play method ,1
429,pseudo-error generation ,1
430,pos ,1
431,pmi-based approach ,1
432,prompt-based environmental self-exploration ,1
433,propositional analysis ,1
434,prompting ,1
435,promptbert ,1
436,prompt-based few-shot tuning ,1
437,prompt-learning ,1
438,prompt-guided few-shot event detection ,1
439,privacy-preserving graph ,1
440,prompt-based learner ,1
441,prompt-based zero-shot relation extraction method ,1
442,privacy-preserving nlp ,1
443,private text ,1
444,prix-lm ,1
445,polise ,1
446,probabilistic box ,1
447,political heterogeneity ,1
448,planning ,1
449,pseudoamr ,1
450,progression-aware autonomous dialogue agent ,1
451,pre-training objective affect ,1
452,qa domain adaptation ,1
453,phrase ,1
454,progressive down-sampling ,1
455,qa software ,1
456,practice ,1
457,pesto ,1
458,perturbation-based self-supervised attention ,1
459,prompt tuning ,1
460,perturbation study ,1
461,qaconv ,1
462,quality-aware decoding ,1
463,perturbation ,1
464,persuasiveness ,1
465,primer ,1
466,post-user fusion network ,1
467,phrase-aware ,1
468,pre-trained prompt ,1
469,pos tagging ,1
470,pre-trained document-grounded conversation model ,1
471,pictalky ,1
472,pilot study ,1
473,pre-trained memory ,1
474,pinyin-bert ,1
475,pre-trained latent ,1
476,pyramid-based masked sentence pre-training ,1
477,pipeline ,1
478,pivot ,1
479,primera ,1
480,place ,1
481,psychiatrist-proofread dialogue dataset ,1
482,psych-e ,1
483,pre-trained sentence ,1
484,abstract generation ,1
485,pairwise proximity ,1
486,multi-party empathetic dialogue generation ,1
487,multi-triple extraction ,1
488,multi-task problem ,1
489,multi-task pre-training ,1
490,multi-task mixture-of-experts re-ranking framework ,1
491,multi-task event ,1
492,multi-task end-to-end training ,1
493,multi-table summarization ,1
494,multi-stage summarization framework ,1
495,multi-stage prompting ,1
496,multi-stage framework ,1
497,multi-stage distillation framework ,1
498,multi-stage ,1
499,multi-relational graphs ,1
500,multi-quantity ,1
501,multi-party conversation ,1
502,multimodal procedural knowledge ,1
503,multi-narrative semantic intersection task ,1
504,multi-mode word ,1
505,multi-modal multi-party ,1
506,multi-modal language ,1
507,multi-lingual dialogue summarization ,1
508,multi-level text discrimination ,1
509,multi-layer biaffine model ,1
510,multi-label classification ,1
511,multi-hop reasoning task ,1
512,multi-hop question generation ,1
513,multi-hop question ,1
514,multi-granularity segmentation ,1
515,multi-granularity ,1
516,multi-grainedsupervision ,1
517,multi-turn dialog ,1
518,multi-view response selection ,1
519,multidimensional language ,1
520,multifaceted evaluation ,1
521,multimodal learning ,1
522,multimodal knowledge base ,1
523,multimodal knowledge ,1
524,multimodal generation ,1
525,multimodal fusion ,1
526,multimodal fusing ,1
527,multimodal entity ,1
528,multimodal audio-visual speech recognition ,1
529,multimodal audio-textual architecture ,1
530,multimodal advertising caption generation ,1
531,multimodal ,1
532,multilinguality ,1
533,multilingual unsupervised sequence segmentation ,1
534,multilingual text style transfer ,1
535,multilingual text generation ,1
536,multilingual task-oriented dialogue ,1
537,multilingual syntax-aware language ,1
538,multilingual offensive lexicon ,1
539,multilingual neural machine translation ,1
540,multilingual knowledge base construction ,1
541,multilingual generative language ,1
542,multilingual exploration ,1
543,multilingual domain adaptation ,1
544,multilingual document-level translation ,1
545,multilingual dataset ,1
546,multilingual corpus ,1
547,multilingual ccg ,1
548,multilingual bert ,1
549,multilingual benchmark ,1
550,multi-feature ,1
551,multi-event detection ,1
552,multi-domain dialogue state ,1
553,model-agnostic data manipulation method ,1
554,model pre-training ,1
555,model interpretability ,1
556,model generalization ,1
557,model compression ,1
558,mmnet ,1
559,mixture-of-graphs ,1
560,mixing ,1
561,mixer-transformer architecture ,1
562,mix ,1
563,minor relationship ,1
564,mining ,1
565,minimal supervision ,1
566,miner ,1
567,mimicause ,1
568,millie ,1
569,middle high german ,1
570,microblog ,1
571,metaprompting ,1
572,metaphorical sentence detection ,1
573,metaphor detection ,1
574,metamorphic testing perspective ,1
575,metadata ,1
576,meta-review dataset ,1
577,meta-framework ,1
578,meta-adapter ,1
579,meta word ,1
580,meta self-paced learning ,1
581,meta ,1
582,message ,1
583,model resource comparison ,1
584,model-agnostic meta-learning ,1
585,multi-domain dataset ,1
586,model-guided knowledge subgraphs ,1
587,multi-document summarisation ,1
588,multi-document coverage reward ,1
589,multi-dimensional exploration ,1
590,multi-dimensional edge-embedded graph ,1
591,multi-data multi-task ,1
592,multi-choice machine reading comprehension ,1
593,multi-agent conversational ai ,1
594,mtg ,1
595,mt ,1
596,msp ,1
597,msamsum ,1
598,mrc dataset bias ,1
599,movie ,1
600,morphosyntax ,1
601,morphology-aware kinyarwanda language model ,1
602,morphology ,1
603,morphological variability ,1
604,morocco ,1
605,montreal ,1
606,monolingual language ,1
607,monolingual entity ,1
608,mofe ,1
609,moefication ,1
610,modular language modeling ,1
611,modular domain adaptation ,1
612,modular ,1
613,modern irish ,1
614,modeling metaphor comprehension ,1
615,modeling ,1
616,multimodal machine translation ,1
617,multimodal recurrent ,1
618,pairwise ,1
619,novel labeling strategy ,1
620,onealigner ,1
621,one-shot learning ,1
622,old bert ,1
623,okwugbé ,1
624,oh wise ,1
625,offensive language ,1
626,ode transformer ,1
627,observation ,1
628,objective generative adversarial network ,1
629,nyght ,1
630,numerical reasoning pretraining ,1
631,numerical reasoning ,1
632,number line ,1
633,nsp-ner ,1
634,novel framework ,1
635,multimodal review helpfulness prediction ,1
636,novel end-to-end capt system ,1
637,novel efficient ,1
638,novel document-level graph convolution network ,1
639,novel dataset ,1
640,novel approach ,1
641,normalizing ,1
642,nonhuman animal bias ,1
643,non-semantic speech representation ,1
644,non-residual prompting ,1
645,non-parametric domain adaptation ,1
646,non-linear relational information ,1
647,non-isomorphic embedding ,1
648,non-autoregressive translation ,1
649,non-autoregressive text-to-speech ,1
650,ongoing colonialism ,1
651,online ,1
652,online dialogue response generation ,1
653,online support ,1
654,pair-based joint ,1
655,overlooked architecture ,1
656,outside-knowledge visual question ,1
657,out-of-scope detection ,1
658,out-of-domain q\ ,1
659,out-of-distribution robustness ,1
660,out-of-distribution ,1
661,original pre-training task ,1
662,origin ,1
663,ordinary differential equation-inspired model ,1
664,ordinal text classification ,1
665,ordersum ,1
666,ordered image attention ,1
667,order ,1
668,optimized adversarial training ,1
669,opinion-based relational pivoting ,1
670,openkorpos ,1
671,open-domain passage retrieval ,1
672,open-domain dialogue system ,1
673,open-domain dialogue ,1
674,open-domain conversation ,1
675,open-domain chatbot ,1
676,open-domain ,1
677,open ye ,1
678,open knowledge graphs ,1
679,open information extraction ,1
680,ood ,1
681,ontology ,1
682,only textual information ,1
683,non-autoregressive neural machine translation ,1
684,non-autoregressive machine translation ,1
685,noisy channel model ,1
686,neural keyphrase generation ,1
687,neural dialogue generation ,1
688,neural dependency ,1
689,neural cross-lingual summarization ,1
690,nepal bhasa complement ,1
691,neighborhood contrastive learning ,1
692,negative-aware entity ,1
693,negative sampling ,1
694,negative distillation ,1
695,naturalness ,1
696,natural language crowdsourcing ,1
697,natural language code search ,1
698,natural diet ,1
699,natural contrastive learning ,1
700,native language ,1
701,narrative comprehension ,1
702,name entity extraction ,1
703,n-shot learning ,1
704,n-grammer ,1
705,n-ary relation extraction ,1
706,mutual learning network ,1
707,multivariate ,1
708,multitask learning ,1
709,multiple-teacher model ,1
710,multiple synonyms matching network ,1
711,multiple knowledge selection ,1
712,multiple knowledge ,1
713,multiparty ,1
714,multimodal speech recognition ,1
715,multimodal semi-supervised learning ,1
716,neural information retrieval ,1
717,neural network compression ,1
718,noise-based augmentation ,1
719,neural nli ,1
720,noise ,1
721,node classification ,1
722,nmtology ,1
723,nmt corpus ,1
724,nlu ,1
725,nlp world ,1
726,nlp technology ,1
727,nli ,1
728,night owls ,1
729,newsfarm ,1
730,news text classification ,1
731,news recommendation ,1
732,news article revision ,1
733,news ,1
734,new web-scale question ,1
735,new way ,1
736,new solution ,1
737,new search paradigm ,1
738,new nlp benchmark ,1
739,new knowledge distillation framework ,1
740,new framework ,1
741,new data augmentation method ,1
742,new benchmark ,1
743,neural-symbolic edit grammar ,1
744,neural sequence ,1
745,neural selective prediction ,1
746,neural ranker ,1
747,neural predictive text ,1
748,neural pipeline ,1
749,radiology ,1
750,retrieving evidence ,1
751,radiology report retrieval ,1
752,textual backdoor ,1
753,text-based counseling ,1
754,text-to-sql parsing ,1
755,text-to-text generation ,1
756,text-to-text model ,1
757,textmosaic ,1
758,texts ,1
759,theoretic measurement ,1
760,triaffine mechanism ,1
761,theoretic perspective ,1
762,theoretical limitation ,1
763,theory ,1
764,ticket ,1
765,time-aware modeling ,1
766,timeliness perspective ,1
767,text smoothing ,1
768,text complexity ,1
769,text augmentation ,1
770,text anonymization ,1
771,tent ,1
772,tensor augmentation ,1
773,temporal tagging ,1
774,temporal language ,1
775,temporal knowledge-aware image captioning ,1
776,temporal knowledge graph ,1
777,temporal expression extraction ,1
778,temporal concept drift ,1
779,technique ,1
780,teaching albert ,1
781,task-specific information ,1
782,task-oriented dialogue state tracking ,1
783,task-agnostic super pre-training ,1
784,title ,1
785,title generation ,1
786,title representation learning ,1
787,trainable representation pooling ,1
788,treebank ,1
789,treatment effect estimation ,1
790,transsgan ,1
791,transparent interactive semantic parsing ,1
792,transliteration ,1
793,translation suggestion ,1
794,transitivity ,1
795,transitioning ,1
796,transition-based modeling ,1
797,transformer-based translation ,1
798,transformer training ,1
799,transformer encoder ,1
800,transformation ,1
801,transductive learning ,1
802,train ,1
803,token classification ,1
804,traditional document classification ,1
805,trade-off ,1
806,tracking ,1
807,tracing ,1
808,toxic-to-civil transfer ,1
809,toxic text classification ,1
810,topical relevance ,1
811,topic-independent detection ,1
812,topic-aware response generation ,1
813,topic zero- ,1
814,topic sentence ,1
815,topic model ,1
816,topic mining ,1
817,token imbalance degree ,1
818,task hardness ,1
819,task adaptation ,1
820,targeted aspect-based financial sentiment analysis ,1
821,student feedback ,1
822,summary ,1
823,summareranker ,1
824,sumhis ,1
825,sume ,1
826,suicide understanding ,1
827,subword-level decoding ,1
828,subword-based cross-lingual transfer ,1
829,subword tokenization ,1
830,subword information ,1
831,subtopic ,1
832,substructure distribution projection ,1
833,sublexical semantic information ,1
834,sub-word model ,1
835,sub-task ,1
836,student behavior ,1
837,superb-sg ,1
838,structured semantic reinforcement method ,1
839,structured information ,1
840,structure-controllable text generation ,1
841,structure-aware argument encoder ,1
842,structure representation learning ,1
843,structural characterization ,1
844,structural causal recurrent unit ,1
845,strong zero-shot baseline ,1
846,strong baseline ,1
847,stress detection ,1
848,strategy ,1
849,stone ,1
850,stock movement prediction ,1
851,stm ,1
852,summary generation ,1
853,supershaper ,1
854,target-guided dialogue response generation ,1
855,systematicity ,1
856,target information ,1
857,tail label prediction ,1
858,tail label performance ,1
859,taco ,1
860,tabular ,1
861,tableie ,1
862,tableformer ,1
863,table-to-text generation ,1
864,table-text encoding ,1
865,table-and-text open domain question ,1
866,table ,1
867,tabi ,1
868,t ,1
869,systemic knowledge review learning ,1
870,systematic style ,1
871,supervised mt ,1
872,systematic generalization ,1
873,system ,1
874,synthetic question value estimation ,1
875,synthesis ,1
876,syntax-aware memory network ,1
877,syntactic task ,1
878,syntactic structure prediction ,1
879,syntactic parsing ,1
880,syntactic information ,1
881,synonyms ,1
882,synchronization ,1
883,symmetrical prompt enhancement ,1
884,suspicious reaction ,1
885,supervision ,1
886,trend ,1
887,triangular machine translation ,1
888,random character ,1
889,voice-based intelligent personal digital ,1
890,vision-and-language navigation ,1
891,vision-language ,1
892,vision-language knowledge distillation ,1
893,visual knowledge ,1
894,visual-language navigation ,1
895,vocabulary size ,1
896,voting-based open corpus annotation ,1
897,trigger-enhanced relation-extraction network ,1
898,voxel-informed language grounding ,1
899,vqa ,1
900,vqn ,1
901,vs model ,1
902,wasserstein space ,1
903,weak self-supervision ,1
904,viquae ,1
905,video ,1
906,vicinity ,1
907,verb agreement ,1
908,vector-based approach ,1
909,vec2node ,1
910,variational hierarchical model ,1
911,variable quantization noise ,1
912,variable encoder-decoder model ,1
913,validity ,1
914,valid division ,1
915,vae ,1
916,v ,1
917,utterance filtering ,1
918,useridentifier ,1
919,user sentiment ,1
920,user feedback ,1
921,weakly ,1
922,weakly-supervised meme analysis ,1
923,weanf ,1
924,zero-shot constrained keyphrase generation ,1
925,zero-shot transfer ,1
926,zero-shot script parsing ,1
927,zero-shot relational learning ,1
928,zero-shot ner ,1
929,zero-shot low-resource language ,1
930,zero-shot learning ,1
931,zero-shot domain ,1
932,zero-shot dependency ,1
933,zero-shot data-to-text generation ,1
934,zero-shot cross-lingual text classification ,1
935,zero-shot cross-lingual event argument extraction ,1
936,zero-shot cross-lingual dependency ,1
937,zero-shot cross-lingual conversational semantic role labeling ,1
938,zero-shot cross-language transfer ,1
939,zero-shot aspect-based scientific document summarization ,1
940,wechsel ,1
941,zero-resource speech recognition ,1
942,zero-resource approach ,1
943,xltime ,1
944,xgqa ,1
945,world ’ s ,1
946,word2box ,1
947,word-level quality estimation ,1
948,word translation ,1
949,word sense information ,1
950,word order ,1
951,wild ,1
952,whole word masking ,1
953,well-composed text ,1
954,weight squeezing ,1
955,user dictionary ,1
956,upper bound ,1
957,update fast ,1
958,uctopic ,1
959,unified speech-text pre-training ,1
960,unified nmt ,1
961,unified approach ,1
962,unified abstractive model ,1
963,unicon ,1
964,uni-modal self-supervised learning ,1
965,understanding model ,1
966,understanding evaluation framework ,1
967,understanding evaluation ,1
968,under-specified optimization ,1
969,uncertainty-based visual question answering ,1
970,uncertainty-based joint training ,1
971,uncertainty approximation ,1
972,umls dictionary fine-tuning ,1
973,type-oriented binary decoding ,1
974,unipelt ,1
975,two-way span-prediction ,1
976,two-step approach ,1
977,two-stage evidence ,1
978,two-stage curriculum training framework ,1
979,two-stage contrastive learning ,1
980,two-level ,1
981,twittirish ,1
982,twitch ,1
983,turn-level user engagingness predictor ,1
984,turkish nlp ,1
985,turkish ,1
986,truth ,1
987,trustworthy tabular reasoning ,1
988,triplet position ,1
989,unified structure-aware autoregressive language model ,1
990,unisar ,1
991,update ,1
992,unsupervised dependency graph network ,1
993,unsupervised weighted concatenation ,1
994,unsupervised sentence summarization ,1
995,unsupervised preference-aware language identification ,1
996,unsupervised post-hoc knowledge injection ,1
997,unsupervised personality-aware language identification ,1
998,unsupervised opinion summarization ,1
999,unsupervised open-domain question ,1
1000,unsupervised neural machine translation ,1
1001,unsupervised multiple-task ,1
1002,unsupervised multiple-choice question generation ,1
1003,unsupervised multi-granularity summarization ,1
1004,unsupervised learning ,1
1005,unsupervised intent discovery ,1
1006,unsupervised domain-adaptive aspect-based sentiment analysis ,1
1007,unsupervised contrastive learning ,1
1008,universal performance benchmark ,1
1009,unsupervised constituency parser ,1
1010,unsupervised constituency ,1
1011,unsupervised clinical questionnaire filling ,1
1012,unsupervised chinese word segmentation ,1
1013,unsupervised bi-lingual word alignment ,1
1014,unsupervised approach ,1
1015,unstructured text ,1
1016,unstructured knowledge access ,1
1017,unstructured knowledge ,1
1018,unstructured electronic health ,1
1019,unlabeled learning ,1
1020,universal sentence ,1
1021,universal sample-efficient strategy ,1
1022,universal phone recognition ,1
1023,step-by-step correction ,1
1024,stem ,1
1025,statistical typology ,1
1026,run-time ,1
1027,rotation ,1
1028,round-trip translation ,1
1029,rule-based weak supervision ,1
1030,rumor detection ,1
1031,rumor veracity ,1
1032,rumour detection ,1
1033,s turn ,1
1034,star ,1
1035,s vocabulary ,1
1036,safety ,1
1037,safety bench ,1
1038,sagdre ,1
1039,salesbot ,1
1040,salient phrase ,1
1041,rome ,1
1042,rock ,1
1043,robust transformer ,1
1044,robust spoken language understanding ,1
1045,robust reinforcement learning ,1
1046,robust passage ,1
1047,robust density estimation ,1
1048,robust attention distribution ,1
1049,rng-kbqa ,1
1050,right recipe ,1
1051,right reason ,1
1052,right ,1
1053,rich-resource language pair ,1
1054,rich representation ,1
1055,rich document understanding ,1
1056,rewire-then-probe ,1
1057,mental health knowledge ,1
1058,sambert ,1
1059,same-story article comparison ,1
1060,sample efficiency ,1
1061,scientific trend ,1
1062,self-conditioning pre-trained language ,1
1063,self-competitive learning ,1
1064,self-adaptive mixture ,1
1065,self-adaptive learning rate ,1
1066,selective prediction ,1
1067,selective attention ,1
1068,selection ,1
1069,segmix ,1
1070,segment ,1
1071,second-order ,1
1072,search engine ,1
1073,search ,1
1074,sead ,1
1075,script ,1
1076,scientific paper review ,1
1077,sampling ,1
1078,scientific document ,1
1079,schema-free dependency ,1
1080,schema-aware denoising ,1
1081,schema ,1
1082,scale ,1
1083,scalable representation ,1
1084,scalable methodology ,1
1085,scalable holistic approach ,1
1086,scalable extractive rationalization ,1
1087,scalable document-level translation ,1
1088,satisfaction ,1
1089,sarcasm recognition ,1
1090,sarcasm explanation ,1
1091,sancl ,1
1092,retrieval-guided counterfactual generation ,1
1093,retrieval-based layer-wise adaptive transformer ,1
1094,retrieval ,1
1095,realistic adversarial attack ,1
1096,refinement ,1
1097,reference resolution ,1
1098,reduplication detection ,1
1099,reddit ,1
1100,reconstruction ,1
1101,recommender ,1
1102,recognition ,1
1103,reco ,1
1104,reclip ,1
1105,reciperef corpus ,1
1106,recent development ,1
1107,recall-then-verify framework ,1
1108,reasonable approach ,1
1109,realistic adversarial table perturbation ,1
1110,real-time visual feedback ,1
1111,region-specific image captioning ,1
1112,real-time evaluation ,1
1113,real-time ,1
1114,reading order-aware ,1
1115,reade ,1
1116,re-translating simultaneous speech translation ,1
1117,re-thinking ,1
1118,re-ranking model ,1
1119,re-ranking ,1
1120,re-examination ,1
1121,re-evaluating extreme multi-label text classification ,1
1122,re-evaluating conversational question ,1
1123,re ,1
1124,rational speech act ,1
1125,rank approach ,1
1126,refining event extraction ,1
1127,registration ,1
1128,retraining ,1
1129,remembering ,1
1130,rethinking ,1
1131,response selection ,1
1132,resource ,1
1133,resistance ,1
1134,research manifold ,1
1135,research ,1
1136,reproducibility ,1
1137,represent ,1
1138,reporting ,1
1139,report document ,1
1140,repo4qa ,1
1141,repetition ,1
1142,reparameterization ,1
1143,repal ,1
1144,relo ,1
1145,reinforce attack ,1
1146,relic ,1
1147,reliable multi-hop causal ,1
1148,reliable human assessment ,1
1149,reliable evaluation ,1
1150,relevant commonsense subgraphs ,1
1151,relaxed multi-document summarization ,1
1152,relationship ,1
1153,relational triplet extraction ,1
1154,relational triple extraction ,1
1155,relational graph ,1
1156,relation extraction method ,1
1157,relation extraction dataset ,1
1158,reinforcing politeness ,1
1159,reinforcing empathy ,1
1160,self-contrastive learning ,1
1161,self-distilled pruning ,1
1162,self-reliant finite automata ,1
1163,slot filling ,1
1164,source-free domain adaptation ,1
1165,source text ,1
1166,source code ,1
1167,source ,1
1168,sound correspondence ,1
1169,sound ,1
1170,softmax bottleneck ,1
1171,soft transitivity ,1
1172,socio-political event coreference resolution ,1
1173,social world ,1
1174,social science ,1
1175,small language ,1
1176,slotgan ,1
1177,slot tagging ,1
1178,slangvolution ,1
1179,space ,1
1180,slang ,1
1181,skill induction ,1
1182,size ,1
1183,situated language generation ,1
1184,sisp ,1
1185,single-step textual entailment ,1
1186,single-path one-shot operator exploratory training ,1
1187,single transformer model ,1
1188,single sequence prediction ,1
1189,single neural model architecture ,1
1190,single model ,1
1191,sina-bert ,1
1192,simultaneous neural machine translation ,1
1193,simplicity bias ,1
1194,south asia ,1
1195,span boundary alignment ,1
1196,simple log-based loss function ,1
1197,speech recognition ,1
1198,stance dissonance detection ,1
1199,stance detection ,1
1200,stance ,1
1201,stablemoe ,1
1202,stable natural language ,1
1203,stability ,1
1204,sql ,1
1205,spot ,1
1206,spontaneous conversation ,1
1207,spellm ,1
1208,spelling bee ,1
1209,speeding ,1
1210,speech-to-sql parsing ,1
1211,speech synthesis ,1
1212,specified intensity ,1
1213,sparql silhouette generation ,1
1214,speciesist language ,1
1215,speaker-aware ,1
1216,speaker information ,1
1217,spe ,1
1218,spatiotemporal quantity extraction ,1
1219,spatiotemporal evidence finding ,1
1220,spatial commonsense ,1
1221,sparsity regularization ,1
1222,sparsity ,1
1223,sparse regularization ,1
1224,sparse progressive distillation ,1
1225,sparse fuzzy attention ,1
1226,sparse experience replay ,1
1227,sparse ,1
1228,simple parameter-efficient fine-tuning ,1
1229,simple information-based approach ,1
1230,self-supervised contrastive learning ,1
1231,semantic-aware contrastive learning framework ,1
1232,sentence recombination method ,1
1233,sentence encoding ,1
1234,sentence embedding ,1
1235,sentence awareness ,1
1236,sensorimotor strength ,1
1237,sensorimotor ,1
1238,sense ,1
1239,semi-supervised self-training ,1
1240,semi-supervised new event type induction ,1
1241,semi-supervised math word problem ,1
1242,semi-superivsed learning ,1
1243,semantics-aware attention ,1
1244,semantic-oriented unlabeled priming ,1
1245,semantic-level contrastive learning ,1
1246,semantic tokenizer ,1
1247,sentence selection ,1
1248,semantic segmentation ,1
1249,semantic search ,1
1250,semantic role ,1
1251,semantic expansion ,1
1252,semantic enhanced relation detection model ,1
1253,semantic composition ,1
1254,semantic code search ,1
1255,semantic change ,1
1256,self-training ,1
1257,self-supervised semantic-driven phoneme discovery ,1
1258,self-supervised schema induction ,1
1259,self-supervised pre-training ,1
1260,self-supervised learning ,1
1261,self-supervised entity alignment ,1
1262,sentence representation ,1
1263,sentence-aware contrastive learning ,1
1264,simple hash-based early exiting approach ,1
1265,shaping ,1
1266,simple general method ,1
1267,simple demonstration-based learning ,1
1268,simple cycle self-augmenting ,1
1269,simple cross-lingual sub-network tuning method ,1
1270,significance ,1
1271,signed language generation ,1
1272,shortcut ,1
1273,short texts ,1
1274,short text document classification ,1
1275,short text classification ,1
1276,short stance text ,1
1277,shield ,1
1278,shct ,1
1279,shapley ,1
1280,shape ,1
1281,sentence-level discourse parsing ,1
1282,shallow parsing ,1
1283,service ,1
1284,serial reproduction ,1
1285,sequence-to-sequence-based approach ,1
1286,sequence-to-sequence pretraining ,1
1287,sequence-to-sequence knowledge graph ,1
1288,sequence-to-sequence amr ,1
1289,sequence-to-sequence ,1
1290,sequence-aware graph-based document-level relation extraction ,1
1291,sequence labeling ,1
1292,seq2rel ,1
1293,sentiment conflict ,1
1294,sentiment ,1
1295,sentence-level privacy ,1
1296,mention integration ,1
1297,linguistic logic ,1
1298,mental health assessment ,1
1299,cross-lingual constituency ,1
1300,cross-document coreference resolution ,1
1301,cross-document temporal relation extraction ,1
1302,cross-domain aspect term extraction ,1
1303,cross-domain chinese ner ,1
1304,cross-domain transfer ,1
1305,cross-era sequence segmentation ,1
1306,cross-lingual evaluation ,1
1307,cross-lingual umls ,1
1308,cross-lingual event detection ,1
1309,cross-lingual inference ,1
1310,cross-lingual knowledge transfer framework ,1
1311,cross-lingual language model ,1
1312,cross-lingual machine reading comprehension ,1
1313,cross-lingual query-focused abstractive summarization ,1
1314,cross-cultural emotion classification ,1
1315,cross-attention ,1
1316,cross attention ,1
1317,create ,1
1318,craft ,1
1319,cqare ,1
1320,covid-19 vaccine debate ,1
1321,covid-19 pandemic ,1
1322,covid-19 machine ,1
1323,covid-19 ,1
1324,coverage ,1
1325,country ,1
1326,counterfactual generation ,1
1327,cost-effective training ,1
1328,corruption ,1
1329,correct unit ,1
1330,corpus ,1
1331,cross-lingual semantic similarity ,1
1332,cross-lingual visual question ,1
1333,dataset-oriented sentiment analysis ,1
1334,darknet ,1
1335,customer satisfaction prediction ,1
1336,d2u ,1
1337,daml ,1
1338,daml-st5 ,1
1339,daqe ,1
1340,dark side ,1
1341,data set ,1
1342,cross-lingual word ,1
1343,data-adaptive transfer ,1
1344,data-augmentation ,1
1345,data-driven adaptive simultaneous machine translation ,1
1346,data-level distillation ,1
1347,data-to-text generation ,1
1348,dataset evaluation ,1
1349,customer care response ,1
1350,curse ,1
1351,curriculum learning ,1
1352,current natural language inference ,1
1353,cuneiform ,1
1354,cueing strategy ,1
1355,cst5 ,1
1356,csl ,1
1357,crowdsourcing ,1
1358,crossword-solving ,1
1359,crossword ,1
1360,cross-utterance ,1
1361,cross-task generalization ,1
1362,cross-task evaluation ,1
1363,cross-modal knowledge transfer ,1
1364,cross-modal attention ,1
1365,cross-lingual word alignment ,1
1366,corporate credit risk ,1
1367,corpora ,1
1368,coreference resolution annotation ,1
1369,context vs target ,1
1370,constituency parsing ,1
1371,construction repetition ,1
1372,container ,1
1373,contamination ,1
1374,content selection ,1
1375,context modeling ,1
1376,context-aware language ,1
1377,copy-augmented generative model ,1
1378,context-definition alignment ,1
1379,context-dependent text-to-sql semantic parsing ,1
1380,context-paraphrase ,1
1381,contextual fine-to-coarse distillation ,1
1382,contextual information ,1
1383,contextual quantization ,1
1384,consistent dialogue response ,1
1385,consistency analysis ,1
1386,consistency ,1
1387,consecutive task-oriented dialog policy learning ,1
1388,conjunctive sentence splitter ,1
1389,conjr ,1
1390,confluent knowledge ,1
1391,configurable response generation ,1
1392,confidence-based multi-class ,1
1393,conditional variational auto-encoder ,1
1394,conditional computation ,1
1395,concern ,1
1396,comsearch ,1
1397,computer science ,1
1398,computational approach ,1
1399,comprehensive patent approval ,1
1400,comprehension dataset ,1
1401,contextual representation ,1
1402,contextualised sense ,1
1403,contfv ,1
1404,control ,1
1405,cooperative semi-supervised transfer learning ,1
1406,cooperative object-referring game ,1
1407,convolutional neural network ,1
1408,convolutional network ,1
1409,conversion task ,1
1410,conversational recommender ,1
1411,conversational question ,1
1412,conversational qa ,1
1413,conversational dialogue ,1
1414,controllable text generation ,1
1415,controllable text ,1
1416,controllable natural language generation ,1
1417,controllable contextualized commonsense inference ,1
1418,controllable complexity ,1
1419,contrastive word ,1
1420,continual dialogue learning ,1
1421,contrastive recipe ,1
1422,contrastive question-answering ,1
1423,contrastive prompt ,1
1424,contrastive prior ,1
1425,contrastive loss-enforced batch attention ,1
1426,contrastive learning framework ,1
1427,contrastive knowledge distillation ,1
1428,contrastive demonstration ,1
1429,contrastive conditional ,1
1430,contrastive adaptation ,1
1431,continuation ,1
1432,continual prompt ,1
1433,continual pre-training ,1
1434,continual learning ,1
1435,dataset geography ,1
1436,date ,1
1437,comprehensibility ,1
1438,downstream question ,1
1439,domain shift ,1
1440,domain-aware self-supervised pre-training ,1
1441,domain-oriented text annotation tool ,1
1442,dotat ,1
1443,double-channel structure ,1
1444,double-graph ,1
1445,draft ,1
1446,dual-channel framework ,1
1447,dropout ,1
1448,drug ,1
1449,drugehrqa ,1
1450,ds-tod ,1
1451,dual architecture ,1
1452,dual attention ,1
1453,domain information ,1
1454,document-level information extraction right ,1
1455,document-level edit reasoning ,1
1456,document-level contexts ,1
1457,docogen ,1
1458,dm ,1
1459,division ,1
1460,divide-and-conquer text simplification ,1
1461,diversification ,1
1462,diverse conditional generation ,1
1463,diverse ,1
1464,distribution difference regularization ,1
1465,distilling ,1
1466,distilled bias ,1
1467,distill ,1
1468,distant supervision ,1
1469,distance-to-uniform learning ,1
1470,dual-aware ,1
1471,dual-space hierarchical learning ,1
1472,date information ,1
1473,efficient ,1
1474,effective method ,1
1475,effective model ,1
1476,effective personalized sentiment analysis ,1
1477,effective pluggable entity ,1
1478,effective preprocessing strategy ,1
1479,effective token graph ,1
1480,efficient contrastive learning framework ,1
1481,dutch ,1
1482,efficient document re-ranking ,1
1483,efficient domain specialization ,1
1484,efficient hyper-parameter search ,1
1485,efficient inference ,1
1486,efficient item selection ,1
1487,efficient lifelong pre-training ,1
1488,effective initialization ,1
1489,effective grammatical error correction ,1
1490,effective context modeling ,1
1491,effective candidate generation system ,1
1492,effective approach ,1
1493,education ,1
1494,edit ,1
1495,ed2lm ,1
1496,echo-attention ,1
1497,e-kar ,1
1498,e-commerce service ,1
1499,dynamic space ,1
1500,dynamic schema graph fusion ,1
1501,dynamic memory ,1
1502,dynamic entity memory network ,1
1503,dynamic contrastive learning ,1
1504,dynamic adversarial training ,1
1505,dissonance ,1
1506,disfluency detection ,1
1507,disentangling ,1
1508,dependency parsing ,1
1509,demonstration ,1
1510,denoise ,1
1511,denoise wikipedia ,1
1512,denoising inconsistent ,1
1513,dense retriever ,1
1514,dependency ,1
1515,deployable speech-based emotion recognition ,1
1516,disentangled generalisation ,1
1517,deployment ,1
1518,depression diagnosis ,1
1519,derangement question ,1
1520,description ,1
1521,description-driven task-oriented dialog ,1
1522,detecting ,1
1523,democratizing korean tokenization ,1
1524,demix ,1
1525,definition modeling ,1
1526,deeper ,1
1527,deep reinforcement learning ,1
1528,deep reinforcement ,1
1529,deep learning ,1
1530,deep generative ,1
1531,deep decoder ,1
1532,deep active learning ,1
1533,decoupling language ,1
1534,decoder layer ,1
1535,decay ,1
1536,debugging ,1
1537,debate ,1
1538,de-noising ,1
1539,dawson ,1
1540,detection toolkit ,1
1541,diachronic character ,1
1542,dialfact ,1
1543,differentiable learning ,1
1544,disease phenotyping ,1
1545,discrimination ,1
1546,discrete wavelet transform ,1
1547,discourse relation analysis ,1
1548,discourse parsing ,1
1549,discourse dependency ,1
1550,discourse context ,1
1551,discontinuous constituency ,1
1552,disaster tweet classification ,1
1553,dis-rex ,1
1554,dis ,1
1555,direct parsing ,1
1556,direct assessment ,1
1557,difficulty ,1
1558,difference ,1
1559,dialog ,1
1560,dictionary ,1
1561,dictation ,1
1562,dict-nmt ,1
1563,dialoguescript ,1
1564,dialogue system ,1
1565,dialogue response generation ,1
1566,dialogue generation system ,1
1567,dialogue generation ,1
1568,dialogue disentanglement ,1
1569,dialogue act ,1
1570,dialogconv ,1
1571,dialog state tracking ,1
1572,dialog response generation ,1
1573,dialog input format ,1
1574,comprehension assessment ,1
1575,compositionality measure ,1
1576,memory ,1
1577,automatic framework ,1
1578,auto-completion ,1
1579,autolex ,1
1580,automated phonological reconstruction ,1
1581,automated short-answer grading ,1
1582,automatic curation ,1
1583,automatic extraction ,1
1584,automatic generation ,1
1585,automatic song translation ,1
1586,automatic icd ,1
1587,automatic identification ,1
1588,automatic medical consultation system ,1
1589,automatic mining ,1
1590,automatic minuting ,1
1591,automatic multi-label prompting ,1
1592,authorship attribution ,1
1593,authentic dataset ,1
1594,augmenting ,1
1595,augmented neural story generation ,1
1596,augmentation method ,1
1597,attribution ,1
1598,attention temperature ,1
1599,attention sparsity ,1
1600,attention mechanism ,1
1601,attention explanation ,1
1602,attention convolution ,1
1603,attend ,1
1604,atogan ,1
1605,asynchronous distributed training ,1
1606,astronomy course ,1
1607,aspect-based sentiment analysis ,1
1608,aspect sentiment triplet extraction ,1
1609,automatic negation scope resolution ,1
1610,automatic speech recognition ,1
1611,bert sentence ,1
1612,bayesian abstractive summarization ,1
1613,bangla ,1
1614,banglabert ,1
1615,barcor ,1
1616,bart-light ,1
1617,base ,1
1618,baseline ,1
1619,bayesian approach ,1
1620,automatic speech translation ,1
1621,bdlan ,1
1622,beam search ,1
1623,behavioral analysis ,1
1624,benchmark creation ,1
1625,benchmarking suite ,1
1626,benefit ,1
1627,bandit ,1
1628,balancing accuracy ,1
1629,bacn ,1
1630,back-to-back translation ,1
1631,aware dense retrieval ,1
1632,auxiliary trigger extraction ,1
1633,auxiliary task ,1
1634,auxiliary speech ,1
1635,autotrigger ,1
1636,autoregressive language model ,1
1637,autoregressive entity ,1
1638,autoregressive blank ,1
1639,automode ,1
1640,automin ,1
1641,automatically-induced correction difficulty ,1
1642,automatic text generation ,1
1643,automatic summarization evaluation ,1
1644,aspect level sentiment classification ,1
1645,aspect extraction ,1
1646,artificial language ,1
1647,adversarial detection ,1
1648,adaptive length reduction ,1
1649,adaptive margin loss ,1
1650,adaptive meta learning ,1
1651,adaptive testing ,1
1652,adaptive training ,1
1653,adversarial contrastive learning ,1
1654,adversarial distant learning ,1
1655,argument trigger detection ,1
1656,adversarial learning ,1
1657,adversarial multi-task learning ,1
1658,adversarial robustness ,1
1659,adversarial text ,1
1660,affect natural language ,1
1661,age ,1
1662,adaptive gradient ,1
1663,adaptation ,1
1664,adaprune ,1
1665,adapler ,1
1666,active relation discovery ,1
1667,active evaluation ,1
1668,active dialogue simulation ,1
1669,acoustic encoding ,1
1670,acl ,1
1671,accurate prompt ,1
1672,accurate ,1
1673,accessibility ,1
1674,access ,1
1675,abstractive summarization distillation ,1
1676,abstractive news summarization ,1
1677,abstractive multi-document summarization ,1
1678,abstractive dialogue summarization ,1
1679,agent ,1
1680,aggregation ,1
1681,agnostic keyword search ,1
1682,annotated corpus ,1
1683,argument ,1
1684,arcnn ,1
1685,archivalqa ,1
1686,archival news ,1
1687,approximate neural sequence prediction ,1
1688,approach ,1
1689,applicability ,1
1690,anything ,1
1691,antonyms ,1
1692,answering-based summarization evaluation ,1
1693,answerability ,1
1694,answer-unaware question generation ,1
1695,answer pair generation ,1
1696,annotator bias ,1
1697,anna ,1
1698,agreement identification ,1
1699,ancestor information ,1
1700,anaphora resolution ,1
1701,analyzing ,1
1702,analogical reasoning ,1
1703,amrize ,1
1704,amr-to-text generation ,1
1705,amr parsing ,1
1706,ambiguous context ,1
1707,ambiguity ,1
1708,alternative communication software ,1
1709,allwas ,1
1710,alignment algorithms ,1
1711,aligner ,1
1712,algorithmic inflection ,1
1713,bert model ,1
1714,bert serving ,1
1715,compositionality ,1
1716,co-vqa ,1
1717,clgp ,1
1718,clinical analysis ,1
1719,clinical text ,1
1720,clusent – ,1
1721,cluster-wise loss correction ,1
1722,co-observable scene ,1
1723,coarse-grained response selection ,1
1724,code-mixed translation ,1
1725,coarse-grained supervision ,1
1726,coda21 ,1
1727,code search ,1
1728,code summarization ,1
1729,code synonyms ,1
1730,code-mixed adaptive language ,1
1731,cld² ,1
1732,clause attention ,1
1733,class ,1
1734,citation intent classification ,1
1735,citation ,1
1736,cipher algorithms ,1
1737,cino ,1
1738,chosen ,1
1739,chinese word attention ,1
1740,chinese text ,1
1741,chinese table question ,1
1742,chinese spell check ,1
1743,chinese short video retrieval ,1
1744,chinese semantic error recognition ,1
1745,chinese pinyin ,1
1746,chinese minority ,1
1747,chinese grammatical error correction ,1
1748,code-mixed text ,1
1749,code-switched semantic parsing ,1
1750,bert transferring ,1
1751,company ,1
1752,commonsense causality ,1
1753,commonsense knowledge graphs ,1
1754,commonsense question ,1
1755,commonsense reasoning ,1
1756,commonsense self-supervision ,1
1757,communication ,1
1758,comparative analysis ,1
1759,code-switching ,1
1760,comparative opinion summarization ,1
1761,complementarity ,1
1762,completion ,1
1763,compm ,1
1764,component alignment ,1
1765,composable sparse fine-tuning ,1
1766,commonsense ,1
1767,common-sense modulation ,1
1768,common ground ,1
1769,command ,1
1770,combining extraction ,1
1771,column specificity meta-learning ,1
1772,color ,1
1773,collocation retokenization ,1
1774,collection ,1
1775,collaborative neural-symbolic graph ,1
1776,collaborative multi-task representation ,1
1777,collaborative decoding ,1
1778,collaboration ,1
1779,coherent visual storytelling ,1
1780,coherent image sequence ,1
1781,cognitive science ,1
1782,coderetriever ,1
1783,chinese gpt ,1
1784,chinese entailment graph ,1
1785,chinese corpus ,1
1786,blank ,1
1787,biomedical nested ner ,1
1788,bit ,1
1789,bitext quality ,1
1790,bitfit ,1
1791,black-box adversarial texts ,1
1792,blackbird ,1
1793,blank slate ,1
1794,chinese commonsense conversation knowledge ,1
1795,bort ,1
1796,botstalk ,1
1797,bottom ,1
1798,boundary smoothing ,1
1799,brazilian instagram ,1
1800,broad-coverage natural language ,1
1801,biomedical literature ,1
1802,biomedical knowledge ,1
1803,biomedical information extraction ,1
1804,biomedical entity normalization ,1
1805,bimodal contrastive learning ,1
1806,bilingual word ,1
1807,bilingual lexicon induction ,1
1808,bilingual dictionary ,1
1809,bigfive ,1
1810,bidirectional modeling ,1
1811,biaffine span representation ,1
1812,biaffine discourse dependency ,1
1813,bi-matching mechanism ,1
1814,bi-encoder ,1
1815,bi-direction attention ,1
1816,bertdoc label attention ,1
1817,bert-based neural topic encoder ,1
1818,buffersearch ,1
1819,c-more ,1
1820,cake ,1
1821,causally-aware ,1
1822,chinese classical poetry ,1
1823,chinese biomedical language understanding evaluationbenchmark ,1
1824,chinese biomedical language ,1
1825,chief ,1
1826,characterization ,1
1827,character-level encoding ,1
1828,character-aware language ,1
1829,character composition ,1
1830,century ,1
1831,cdm ,1
1832,ccqa ,1
1833,cblue ,1
1834,causalr ,1
1835,causalqa ,1
1836,causal sentence classification ,1
1837,calibrate ,1
1838,causal relation ,1
1839,causal metaknowledge ,1
1840,causal inference framework ,1
1841,causal augmentation ,1
1842,causal association rule ,1
1843,causal analysis ,1
1844,category-oriented confidence calibration ,1
1845,categorial grammar induction ,1
1846,capture ,1
1847,capsule-based network ,1
1848,candidate-aware user modeling ,1
1849,candidate retrieval ,1
1850,cam-gen ,1
1851,calibration ,1
1852,efficient nlg evaluation ,1
1853,efficient retrieval ,1
1854,efficient speech translation ,1
1855,irish language model ,1
1856,introducing ,1
1857,introduction ,1
1858,invariant causal constraint ,1
1859,invariant language modeling ,1
1860,inverse ,1
1861,investigating ,1
1862,isotropy ,1
1863,joint content-context analysis ,1
1864,isotropy analysis ,1
1865,isotropy calibration ,1
1866,item response theory ,1
1867,iterative multilingual open information extraction ,1
1868,iterative ranking ,1
1869,japanese situation-dependent sentiment polarity dictionary ,1
1870,intrinsic probing ,1
1871,interpreting ,1
1872,interpretable semantic representation ,1
1873,interpretable math word problem ,1
1874,interpretable few-shot classification ,1
1875,interpolation ,1
1876,intermediate pre-training ,1
1877,interdependence ,1
1878,interactive sub question sequence ,1
1879,interactive questionnaire ,1
1880,interactive feedback ,1
1881,interactive dialogue assistant ,1
1882,interactive contrastive learning ,1
1883,inter-pair reasoning ,1
1884,intensification ,1
1885,integrated argument mining ,1
1886,instance-dependent prompt generation method ,1
1887,job-transition-tag graph ,1
1888,joint information extraction ,1
1889,language generation ,1
1890,label representation learning ,1
1891,knowledge-enriched task-oriented dialogue ,1
1892,knowledge-guided transformer ,1
1893,knowledgeable dialogue generation ,1
1894,l ,1
1895,label attention model ,1
1896,label augmentation ,1
1897,label tuning ,1
1898,joint intent detection ,1
1899,label-aware openre ,1
1900,label-aware sequence-to-sequence framework ,1
1901,label-wise setting ,1
1902,labelling scheme ,1
1903,lagr ,1
1904,language diversity ,1
1905,knowledge-enhanced end-to-end biomedical text labelling ,1
1906,knowledge-based visual question ,1
1907,knowledge-augmented language model adaptation ,1
1908,knowledge transfer ,1
1909,knowledge selection ,1
1910,knowledge inheritance ,1
1911,knowledge base ,1
1912,kinyabert ,1
1913,ketod ,1
1914,kesa ,1
1915,kenmesh ,1
1916,kart ,1
1917,kala ,1
1918,k-rater reliability ,1
1919,k-best ,1
1920,joint theme ,1
1921,joint representation ,1
1922,instance attribution ,1
1923,input-specific attention ,1
1924,input salience ,1
1925,iclea ,1
1926,hybrid-relational market knowledge graph ,1
1927,hybridialogue ,1
1928,hyperbolic space ,1
1929,hyperlink-induced pre-training ,1
1930,hypernym class prediction ,1
1931,hypothesis distribution ,1
1932,identification ,1
1933,input method ,1
1934,ideology prediction ,1
1935,idpg ,1
1936,igbo ,1
1937,iid ,1
1938,image captioning ,1
1939,image retrieval ,1
1940,hybrid chain ,1
1941,human-and-metric-in-the-loop workflow ,1
1942,human understanding ,1
1943,human schema curation ,1
1944,human language modeling ,1
1945,human feedback ,1
1946,human evaluation ,1
1947,hsc-rocket ,1
1948,hope ,1
1949,honestbait ,1
1950,homomorphic projective distillation ,1
1951,holistic semantic polishing problem ,1
1952,hlt research equality ,1
1953,hitab ,1
1954,histruct+ ,1
1955,history information ,1
1956,historical sound change ,1
1957,image segmentation ,1
1958,image-text matching ,1
1959,image-text retrieval ,1
1960,indicbart ,1
1961,injecting syntax ,1
1962,infused pre-training ,1
1963,informative dialogue generation ,1
1964,information-theoretic approach ,1
1965,information-seeking dialogue dataset ,1
1966,information extraction ,1
1967,influence ,1
1968,inequality ,1
1969,inductive graph ,1
1970,inductive event ,1
1971,inductive bias influence ,1
1972,induct-gcn ,1
1973,indonesia ,1
1974,indicxnli ,1
1975,indic natural language generation ,1
1976,imperfect negation ,1
1977,indian subcontinent ,1
1978,incremental topic ,1
1979,inconsistent ,1
1980,inclusivity ,1
1981,in-context tuning ,1
1982,in-context learning ,1
1983,improving bert ,1
1984,improvement ,1
1985,improvelong-tailed item categorization ,1
1986,improved out-of-scope detection ,1
1987,improved multilingual language understanding ,1
1988,improved grammatical error correction ,1
1989,implicit user ,1
1990,impli ,1
1991,language documentation ,1
1992,language level classification ,1
1993,efficient training ,1
1994,low-resource sentence retrieval ,1
1995,low-resource language translation ,1
1996,low-resource ner ,1
1997,low-resource neural machine translation ,1
1998,low-resource prompt-based learning ,1
1999,low-resource relation extraction ,1
2000,low-resource semantic parsing ,1
2001,low-resource translation ,1
2002,maml-cl ,1
2003,low-resourced setting ,1
2004,m6-t ,1
2005,machine translation output ,1
2006,machine translation supplier ,1
2007,machine-assisted cross document event ,1
2008,machine-sourced framework ,1
2009,low-resource language ,1
2010,low-end hardware ,1
2011,low-dimensional intrinsic task subspace ,1
2012,low resource style transfer ,1
2013,low resource machine translation ,1
2014,low resource asr ,1
2015,low rank softmax ,1
2016,lot ,1
2017,loss-restricted fine-tuning ,1
2018,lordbert ,1
2019,longitudinal user text ,1
2020,long-sequence ,1
2021,long text summarization ,1
2022,long text ,1
2023,long sequence ,1
2024,long news summarization ,1
2025,long input ,1
2026,mad ,1
2027,many-to-one dialogue ,1
2028,language model fairness ,1
2029,measuring gender bias ,1
2030,mdg ,1
2031,me-gcn ,1
2032,meaning ,1
2033,meaning-preserving ,1
2034,measurement ,1
2035,measuring ,1
2036,medical code ,1
2037,mapping language ,1
2038,medical concept ,1
2039,medical corpora ,1
2040,medical entity extraction ,1
2041,medical texts ,1
2042,medicine ,1
2043,memorization ,1
2044,mderank ,1
2045,maximum proxy-likelihood estimation ,1
2046,matter ,1
2047,matrix framework ,1
2048,mathion ,1
2049,math word problem ,1
2050,math problem ,1
2051,match ,1
2052,massive knowledge graph ,1
2053,masked metaphor modeling ,1
2054,masked language modeling ,1
2055,masked language model pretraining ,1
2056,masked document ,1
2057,mask task ,1
2058,marking word ,1
2059,markbert ,1
2060,marcqap ,1
2061,long form ,1
2062,long document understanding ,1
2063,long document classification ,1
2064,layoutgcn ,1
2065,latency ,1
2066,latent dirichlet allocation ,1
2067,latent language ,1
2068,latent lexicalized constituency ,1
2069,latent-variable model ,1
2070,layout-aware neural model ,1
2071,learn ,1
2072,logs ,1
2073,learning hierarchical efficient transformer ,1
2074,learning relation-dependent entity representation ,1
2075,learning-based approach ,1
2076,learning-based memetic algorithm ,1
2077,learning-free controllable text ,1
2078,legal fairness analysis ,1
2079,large-scale parallel translation ,1
2080,large-scale news dataset ,1
2081,large-scale multi-view tweet topic classification ,1
2082,large-scale multi-skill dialogue ,1
2083,large-scale image ,1
2084,large-scale hate speech detection ,1
2085,large-scale english language ,1
2086,large-scale corpus ,1
2087,large-scale chinese scientific literature dataset ,1
2088,large-scale benchmark dataset ,1
2089,large sequence ,1
2090,large expert ,1
2091,language-and-vision transformer ,1
2092,language revitalization ,1
2093,language navigation ,1
2094,language model pretraining ,1
2095,language model pre-training ,1
2096,legal text processing ,1
2097,leveraging human-written text ,1
2098,levitated marker ,1
2099,linguistic disparity ,1
2100,logical reasoning ,1
2101,logic-driven context extension ,1
2102,locality ,1
2103,local structure ,1
2104,local knowledge attention ,1
2105,local differential privacy ,1
2106,literature discourse analysis ,1
2107,listra ,1
2108,listen ,1
2109,lipkey ,1
2110,linguistic typology knowledge ,1
2111,abstractive conversation summarization ,1
2112,linguistic exploration ,1
2113,linguistic diversity ,1
2114,linear attention ,1
2115,lexical dependence ,1
2116,linear algebra ,1
2117,linda ,1
2118,limit ,1
2119,light-weight architecture ,1
2120,light label ,1
2121,lifelong language learning ,1
2122,life ,1
2123,lexicon-based automated annotation ,1
2124,lexicon-based adaptation ,1
2125,lexicon creation ,1
2126,lexical simplification ,1
2127,lexical match bias ,1
2128,lexical gender ,1
2129,lexical development ,1
2130,hint ,1
2131,hindi word order ,1
2132,hindi text ,1
2133,extreme hierarchical multi-label classification ,1
2134,extraction ,1
2135,extractive paraphrase span detection ,1
2136,extractive reader ,1
2137,extractive summarization ,1
2138,extractive text summarization ,1
2139,extractive topical summarization ,1
2140,eye gaze ,1
2141,fairytaleqa ,1
2142,fact checking ,1
2143,fact verification ,1
2144,factual knowledge retrieval ,1
2145,factual robustness ,1
2146,factuality ,1
2147,fair comparison ,1
2148,extract ,1
2149,extensive empirical study ,1
2150,expression comprehension ,1
2151,exploring sparse expert ,1
2152,exploring latent tree ,1
2153,exploration ,1
2154,exploitation ,1
2155,explicit object relation alignment ,1
2156,explicit ,1
2157,explainable medical code prediction ,1
2158,explainable assessment ,1
2159,explainability ,1
2160,experiment ,1
2161,expansion ,1
2162,evidential graph ,1
2163,evidence extraction ,1
2164,evidence decomposition graph ,1
2165,fairlex ,1
2166,fairytaleqa dataset ,1
2167,highie ,1
2168,few-shot natural language understanding ,1
2169,few-shot aspect-based sentiment analysis ,1
2170,few-shot claim veracity classification ,1
2171,few-shot controllable style transfer ,1
2172,few-shot cross-lingual transfer ,1
2173,few-shot entity recognition ,1
2174,few-shot knowledge graph completion ,1
2175,few-shot ner ,1
2176,faithful forward reference ,1
2177,few-shot relation extraction ,1
2178,few-shot semantic parser ,1
2179,few-shot text classification ,1
2180,few-shot veracity classification ,1
2181,fewnlu ,1
2182,figurative language ,1
2183,few pairwise ,1
2184,feelsgoodman ,1
2185,feedback ,1
2186,fedparsing ,1
2187,federated approach ,1
2188,feature structure distillation ,1
2189,feature indication ,1
2190,feature ,1
2191,feasible deep active learning ,1
2192,feasibility study ,1
2193,favorite character ,1
2194,fault classification ,1
2195,faster document re-ranking inference ,1
2196,fast ,1
2197,fake news detection ,1
2198,faithfulness-abstractiveness trade-off ,1
2199,faithful response generation ,1
2200,evidence ,1
2201,eventbert ,1
2202,event-event relation extraction ,1
2203,empirical investigation ,1
2204,emowoz ,1
2205,empathetic persuasion ,1
2206,empathetic response ,1
2207,empathy ,1
2208,empirical analysis ,1
2209,empirical evaluation ,1
2210,emrel ,1
2211,event prediction ,1
2212,encoder-decoder ,1
2213,encoding ,1
2214,enct5 ,1
2215,end-to-end data-to-text generation ,1
2216,end-to-end entity retrieval ,1
2217,end-to-end language ,1
2218,emotional intensity ,1
2219,emotion style transfer ,1
2220,emotion flip ,1
2221,emotion classification ,1
2222,emotion cause analysis ,1
2223,emojis ,1
2224,emoji ,1
2225,emergent ,1
2226,elle ,1
2227,eliminating ambiguity ,1
2228,electronic health record ,1
2229,electromyogram diagnosis report ,1
2230,electra ,1
2231,eigennoise ,1
2232,eiffel tower ,1
2233,efficient word ,1
2234,efficient tuning paradigm ,1
2235,end-to-end reference-free single-document summary quality assessment ,1
2236,end-to-end sign language translation ,1
2237,end-to-end speech recognition ,1
2238,entity coverage control ,1
2239,evemrc ,1
2240,evaluating language ,1
2241,evaluating ,1
2242,estimating semantic inconsistency ,1
2243,error correction ,1
2244,error ,1
2245,ernie-sparse ,1
2246,equity ,1
2247,entsum ,1
2248,entity-conditioned question generation ,1
2249,entity-centric extractive summarization ,1
2250,entity-centric approach ,1
2251,entity-based neural local coherence modeling ,1
2252,entity disambiguation ,1
2253,entity alignment ,1
2254,end-to-end task-oriented dialog ,1
2255,entailment graph ,1
2256,ensemble method ,1
2257,enhancement ,1
2258,enhanced speech processing ,1
2259,enhanced natural language processing ,1
2260,enhanced language representation ,1
2261,enhance ,1
2262,english-chinese neural machine translation ,1
2263,english past tense inflection ,1
2264,english masked language ,1
2265,engineering ,1
2266,energy language ,1
2267,end-to-end text-to-sql generation ,1
2268,end-to-end task-oriented dialog policy ,1
2269,fill ,1
2270,financial news ,1
2271,finding ,1
2272,graph-based prompt ,1
2273,graph neural network ,1
2274,graph parsing ,1
2275,graph pre-training ,1
2276,graph refinement ,1
2277,graph structure reconstruction ,1
2278,graph-based fine-grained multimodal attention mechanism ,1
2279,graph-to-graph annotation conversion ,1
2280,glm ,1
2281,graph-to-sequence model ,1
2282,grapheme ,1
2283,graphprompt ,1
2284,greek ,1
2285,ground truth ,1
2286,grounded dialogue ,1
2287,graph matching ,1
2288,graph fusion approach ,1
2289,graph function dependence ,1
2290,grammatical role ,1
2291,grammatical processing ,1
2292,grammatical error prevention ,1
2293,gradient sparsification ,1
2294,gpt-3 ,1
2295,gpt ,1
2296,gossip ,1
2297,good prompt ,1
2298,good night ,1
2299,gold standard ,1
2300,goal-oriented dialogue ,1
2301,goal-guided conversational recommendation ,1
2302,globalwoz ,1
2303,globalizing multiwoz ,1
2304,grounded object ,1
2305,grounding ,1
2306,group-robust algorithms ,1
2307,hierarchical conditional transformer ,1
2308,high-resource machine translation ,1
2309,high-quality ,1
2310,high-order inference ,1
2311,high interpretable transfer network ,1
2312,hierarchical transformer ,1
2313,hierarchical table structure ,1
2314,hierarchical table dataset ,1
2315,hierarchical syntax structure ,1
2316,hierarchical structure information ,1
2317,hierarchical modality fusion network ,1
2318,hierarchical latent language ,1
2319,hierarchical interactive memory ,1
2320,hierarchical inductive transfer ,1
2321,hierarchical inductive bias ,1
2322,hierarchical attention decoder ,1
2323,guidance ,1
2324,hierarchical affective dialog encoder ,1
2325,hie-sql ,1
2326,hidden sctructure ,1
2327,hey ,1
2328,heterogeneous-graph reasoning ,1
2329,heterogeneous speech ,1
2330,heterogeneous language model optimization ,1
2331,heterogeneous graph attention ,1
2332,hebrew ,1
2333,headline generation ,1
2334,hatebr ,1
2335,hate speech normalization ,1
2336,hard-label textual attack ,1
2337,hade ,1
2338,global mixup ,1
2339,github ,1
2340,fine tuning ,1
2341,fools meme stock prediction ,1
2342,flap ,1
2343,flexible multi-modal language model training ,1
2344,flexible multi-task model ,1
2345,flipda ,1
2346,flooding-x ,1
2347,fon ,1
2348,forward pass ,1
2349,gfdc ,1
2350,fraction ,1
2351,frame ,1
2352,frameless meaning representation ,1
2353,frequency ,1
2354,frsum ,1
2355,frugalscore ,1
2356,fitness ,1
2357,finqa ,1
2358,finer granularity ,1
2359,fine-tuning t5 encoder ,1
2360,fine-tuning paradigm ,1
2361,fine-tuning neural topic model ,1
2362,fine-tuned masked language ,1
2363,fine-grained video paragraph ,1
2364,fine-grained syntactic control ,1
2365,fine-grained personality ,1
2366,fine-grained multi-domain neural machine translation ,1
2367,fine-grained controllable text generation ,1
2368,fine-grained causality reasoning ,1
2369,fine-grained category discovery ,1
2370,fine-grained benchmark ,1
2371,fine-grained analysis ,1
2372,fine-grained aggregation ,1
2373,full utilization ,1
2374,fusing ,1
2375,fusion ,1
2376,general teacher ,1
2377,german texts ,1
2378,geometry-aware perspective ,1
2379,geographic performance ,1
2380,genre ,1
2381,generic large language ,1
2382,generic dependency ,1
2383,generative prompt ,1
2384,generative pretraining ,1
2385,generative model ,1
2386,generative language model ,1
2387,generative discriminator ,1
2388,generative approach ,1
2389,generative ,1
2390,generalized zero-shot text classification ,1
2391,general language model ,1
2392,fusion method ,1
2393,general framework ,1
2394,general english proficiency ,1
2395,gendered language ,1
2396,gender representation ,1
2397,gender inference ,1
2398,gender detection ,1
2399,gedi ,1
2400,gcpg ,1
2401,gaussian process ,1
2402,gause ,1
2403,gap ,1
2404,gabert ,1
2405,future event generation ,1
2406,future ,1
2407,zero-shot visual grounding ,1
